{
  "schemaVersion": 1,
  "id": "moddev",
  "version": "${version}",
  "name": "Speed Build",
  "description": "",
  "authors": [
    "TYRCwww",
    "wy",
    "SxcA_"
  ],
  "contact": {},
  "license": "MIT",
  "icon": "icon.png",
  "environment": "*",
  "entrypoints": {
    "main": [
      "com.modcustom.moddev.fabric.SpeedBuildFabric"
    ]
  },
  "mixins": [
    "moddev.mixins.json",
    "moddev-common.mixins.json"
  ],
  "depends": {
    "fabricloader": ">=0.15.0",
    "minecraft": "~1.20",
    "architectury": ">=9"
  }
}
