{
  "required": true,
  "minVersion": "0.8",
  "package": "com.modcustom.moddev.mixin",
  "compatibilityLevel": "JAVA_17",
  "mixins": [
    "ArgumentTypeInfosMixin",
    "ArmorStandItemMixin",
    "EntityMixin",
    "EntityTypeMixin",
    "FallingBlockMixin",
    "GameTypeMixin",
    "HangingEntityItemMixin",
    "ItemFrameInvoker",
    "ItemStackMixin",
    "LevelMixin",
    "LevelStorageAccessAccessor",
    "MinecraftServerAccessor",
    "PistonBaseBlockMixin",
    "PlayerMixin",
    "ProjectileMixin",
    "ServerPlayerGameModeMixin",
    "ServerPlayerMixin"
  ],
  "client": [
    "CameraMixin",
    "ClientLevelAccessor",
    "ClientLevelMixin",
    "ClientPacketListenerMixin",
    "LocalPlayerMixin",
    "MultiPlayerGameModeMixin",
    "RenderChunkRegionAccessor"
  ],
  "injectors": {
    "defaultRequire": 1
  }
}
